ANTONIO,GARCIA
JOSE,GONZALEZ
MANUEL,RODRIGUEZ
FRANCISCO,FERNANDEZ
JUAN,LOPEZ
DAVID,MARTINEZ
JOSE ANTONIO,SANCHEZ
JOSE LUIS,PEREZ
JAVIER,GOMEZ
JESUS,MARTIN
FRANCISCO JAVIER,JIMENEZ
CARLOS,RUIZ
DANIEL,HERNANDEZ
MIGUEL,DIAZ
RAFAEL,MORENO
JOSE MANUEL,ALVAREZ
PEDRO,MUÑOZ
ALEJANDRO,ROMERO
ANGEL,ALONSO
MIGUEL ANGEL,GUTIERREZ
JOSE MARIA,NAVARRO
FERNANDO,TORRES
LUIS,DOMINGUEZ
PABLO,VAZQUEZ
SERGIO,RAMOS
JORGE,GIL
ALBERTO,RAMIREZ
JUAN CARLOS,SERRANO
JUAN JOSE,BLANCO
RAMON,SUAREZ
ENRIQUE,MOLINA
DIEGO,MORALES
JUAN ANTONIO,ORTEGA
VICENTE,DELGADO
ALVARO,CASTRO
RAUL,ORTIZ
ADRIAN,RUBIO
JOAQUIN,MARIN
IVAN,SANZ
ANDRES,NUÑEZ
OSCAR,IGLESIAS
RUBEN,MEDINA
JUAN MANUEL,GARRIDO
SANTIAGO,SANTOS
EDUARDO,CASTILLO
VICTOR,CORTES
ROBERTO,LOZANO
JAIME,GUERRERO
FRANCISCO JOSE,CANO
IGNACIO,PRIETO
ALFONSO,MENDEZ
SALVADOR,CALVO
RICARDO,CRUZ
MARIO,GALLEGO
JORDI,VIDAL
EMILIO,LEON
MARCOS,HERRERA
JULIAN,MARQUEZ
JULIO,PEÑA
TOMAS,CABRERA
AGUSTIN,FLORES
GUILLERMO,CAMPOS
GABRIEL,VEGA
JOSE MIGUEL,DIEZ
FELIX,FUENTES
JOSE RAMON,CARRASCO
MOHAMED,CABALLERO
GONZALO,NIETO
JOAN,REYES
MARC,AGUILAR
MARIANO,PASCUAL
ISMAEL,HERRERO
DOMINGO,SANTANA
JOSEP,LORENZO
CRISTIAN,HIDALGO
JUAN FRANCISCO,MONTERO
ALFREDO,IBAÑEZ
NICOLAS,GIMENEZ
SEBASTIAN,FERRER
JOSE CARLOS,DURAN
FELIPE,VICENTE
SAMUEL,BENITEZ
HUGO,MORA
MARTIN,SANTIAGO
CESAR,ARIAS
AITOR,VARGAS
JOSE ANGEL,CARMONA
JOSE IGNACIO,CRESPO
GREGORIO,ROMAN
VICTOR MANUEL,PASTOR
HECTOR,SOTO
LUIS MIGUEL,SAEZ
JOSE FRANCISCO,VELASCO
JUAN LUIS,SOLER
LORENZO,MOYA
ALBERT,ESTEBAN
CRISTOBAL,PARRA
ESTEBAN,BRAVO
XAVIER,GALLARDO
EUGENIO,ROJAS
MARIA CARMEN,PARDO
MARIA,MERINO
CARMEN,FRANCO
JOSEFA,ESPINOSA
ISABEL,IZQUIERDO
ANA MARIA,LARA
MARIA DOLORES,RIVAS
MARIA PILAR,SILVA
MARIA TERESA,RIVERA
ANA,CASADO
LAURA,ARROYO
FRANCISCA,REDONDO
ANTONIA,CAMACHO
DOLORES,REY
MARIA ANGELES,VERA
CRISTINA,OTERO
MARTA,LUQUE
MARIA JOSE,GALAN
MARIA ISABEL,MONTES
PILAR,RIOS
MARIA LUISA,SIERRA
LUCIA,SEGURA
CONCEPCION,CARRILLO
ELENA,MARCOS
MERCEDES,MARTI
MANUELA,SORIANO
ROSA MARIA,MENDOZA
RAQUEL,ROBLES
SARA,BERNAL
MARIA JESUS,VILA
PAULA,VALERO
JUANA,PALACIOS
TERESA,EXPOSITO
ROSARIO,BENITO
ENCARNACION,ANDRES
BEATRIZ,VARELA
ROSA,PEREIRA
NURIA,MACIAS
SILVIA,GUERRA
MONTSERRAT,HEREDIA
JULIA,BUENO
PATRICIA,ROLDAN
IRENE,MATEO
MONICA,VILLAR
ANDREA,CONTRERAS
ROCIO,MIRANDA
ANGELA,GUILLEN
MARIA MAR,MATEOS
MARGARITA,ESCUDERO
SONIA,AGUILERA
SANDRA,MENENDEZ
SUSANA,CASAS
ALICIA,APARICIO
YOLANDA,RIVERO
ALBA,ESTEVEZ
MARIA JOSEFA,BELTRAN
MARINA,PADILLA
NATALIA,GRACIA
MARIA ROSARIO,RICO
INMACULADA,CALDERON
ANGELES,ABAD
ESTHER,GALVEZ
MARIA MERCEDES,CONDE
ANA ISABEL,SALAS
EVA,JURADO
VERONICA,QUINTANA
AMPARO,PLAZA
NOELIA,ACOSTA
MARIA ROSA,ARANDA
MARIA VICTORIA,BLAZQUEZ
MARIA CONCEPCION,ROCA
CAROLINA,BERMUDEZ
CLAUDIA,COSTA
EVA MARIA,MIGUEL
CATALINA,SANTAMARIA
CONSUELO,SALAZAR
VICTORIA,GUZMAN
LORENA,SERRA
ANA BELEN,VILLANUEVA
MARIA ANTONIA,CUESTA
MARIA ELENA,MANZANO
MIRIAM,TOMAS
EMILIA,HURTADO
NEREA,TRUJILLO
LUISA,RUEDA
INES,PACHECO
MARIA NIEVES,AVILA
GLORIA,SIMON
LIDIA,DE LA FUENTE
CARLA,PONS
AURORA,LAZARO
ESPERANZA,SANCHO
JOSEFINA,MESA
SOFIA,DEL RIO
MILAGROS,ESCOBAR
OLGA,MILLAN
CELIA,BLASCO
MARIA SOLEDAD,ALARCON
PURIFICACION,LUNA
MARIA CRISTINA,ZAMORA
